{
 "elements.scroller.js" : true,
 "elements.colorpicker.js" : true,
 "elements.fileinput.js" : true,
 "elements.typeahead.js" : true,
 "elements.wysiwyg.js" : true,
 "elements.spinner.js" : true,
 "elements.treeview.js" : true,
 "elements.wizard.js" : true,
 "elements.aside.js" : true,
 "elements.onpage-help.js" : false,

 "ace.js" : true,
 "ace.basics.js" : true,
 "ace.scrolltop.js" : true,
 "ace.ajax-content.js" : true,
 "ace.touch-drag.js" : true,
 
 "ace.sidebar.js" : true,
 "ace.sidebar-scroll-1.js" : true,
 "ace.submenu-hover.js" : true,

 "ace.widget-box.js" : true,
 
 "ace.settings.js" : true,
 "ace.settings-rtl.js" : true,
 "ace.settings-skin.js" : true,

 "ace.widget-on-reload.js" : true,
 "ace.searchbox-autocomplete.js" : true,

 "ace.auto-padding.js" : false,
 "ace.auto-container.js" : false
}